{
    "water": 75,
    "food": 81,
    "wood": 0,
    "leather": 0,
    "straw": 0,
    "leaf": 0,
    "rock": 0,
    "day": 5,
    "log": 1,
    "health": 100.0,
    "energy": 15.39999771118164,
    "hunger": 34.58000946044922,
    "thirst": 58.68998718261719,
    "hardest": 37.66999816894531
}